Workbook

Sheet まとめ
A1: Wawasan社 コミッション明細 2026年10月分（Decillion Tokyo Co.,Ltd 様）
A2: 8月・9月分は未払いのため繰越となっていた分を、今回10月分とあわせてお支払いします。
A4: 推薦者コード | B4: 推薦者名 | C4: 2026年8月分（繰越） | D4: 2026年9月分（繰越） | E4: 2026年10月分 | F4: 合計 | G4: 手数料 | H4: お支払額
A5: 1205 | B5: Yamauchi, So | C5: =SUMIFS(契約別明細!L:L,契約別明細!A:A,"2026.8",契約別明細!B:B,1205) -> 90 | D5: =SUMIFS(契約別明細!L:L,契約別明細!A:A,"2026.9",契約別明細!B:B,1205) -> 90 | E5: =SUMIFS(契約別明細!L:L,契約別明細!A:A,"2026.10",契約別明細!B:B,1205) -> 90 | F5: =SUM(C5:E5) -> 270 | G5: 5 | H5: =IF(INT(F5)<=G5,0,INT(F5)-G5) -> 265
A6: 1373 | B6: Takahashi, Kimika | C6: =SUMIFS(契約別明細!L:L,契約別明細!A:A,"2026.8",契約別明細!B:B,1373) -> 80 | D6: =SUMIFS(契約別明細!L:L,契約別明細!A:A,"2026.9",契約別明細!B:B,1373) -> 80 | E6: =SUMIFS(契約別明細!L:L,契約別明細!A:A,"2026.10",契約別明細!B:B,1373) -> 80 | F6: =SUM(C6:E6) -> 240 | G6: 5 | H6: =IF(INT(F6)<=G6,0,INT(F6)-G6) -> 235
A7: 1655 | B7: Yamashita, Keito | C7: =SUMIFS(契約別明細!L:L,契約別明細!A:A,"2026.8",契約別明細!B:B,1655) -> 50 | D7: =SUMIFS(契約別明細!L:L,契約別明細!A:A,"2026.9",契約別明細!B:B,1655) -> 50 | E7: =SUMIFS(契約別明細!L:L,契約別明細!A:A,"2026.10",契約別明細!B:B,1655) -> 50 | F7: =SUM(C7:E7) -> 150 | G7: 5 | H7: =IF(INT(F7)<=G7,0,INT(F7)-G7) -> 145
B8: 合計 | C8: =SUM(C5:C7) -> 220 | D8: =SUM(D5:D7) -> 220 | E8: =SUM(E5:E7) -> 220 | F8: =SUM(F5:F7) -> 660 | G8: =SUM(G5:G7) -> 15 | H8: =SUM(H5:H7) -> 645
A10: ※手数料は1人1回$5。合計の小数点以下は切り捨て。合計が$5以下の場合は手数料なしで次回繰越。

Sheet 契約別明細
A1: 支払月 | B1: 推薦者コード | C1: 推薦者名 | D1: プラン番号 | E1: 商品コード | F1: シーケンス | G1: 契約年数 | H1: 拠出金額（月） | I1: 紹介料率 | J1: 支払区分 | K1: 支払倍率 | L1: お支払額
A2: 2026.8 | B2: 1205 | C2: Yamauchi, So | D2: T15W081742 | E2: SPX15-X | F2: 基本プラン | G2: 1 | H2: 200 | I2: 0.45 | J2: 平準 | K2: 1 | L2: =H2*I2*K2 -> 90
A3: 2026.9 | B3: 1205 | C3: Yamauchi, So | D3: T15W081742 | E3: SPX15-X | F3: 基本プラン | G3: 1 | H3: 200 | I3: 0.45 | J3: 平準 | K3: 1 | L3: =H3*I3*K3 -> 90
A4: 2026.10 | B4: 1205 | C4: Yamauchi, So | D4: T15W081742 | E4: SPX15-X | F4: 基本プラン | G4: 1 | H4: 200 | I4: 0.45 | J4: 平準 | K4: 1 | L4: =H4*I4*K4 -> 90
A5: 2026.8 | B5: 1373 | C5: Takahashi, Kimika | D5: T15W081363 | E5: SPX15-X | F5: 基本プラン | G5: 1 | H5: 200 | I5: 0.4 | J5: 平準 | K5: 1 | L5: =H5*I5*K5 -> 80
A6: 2026.9 | B6: 1373 | C6: Takahashi, Kimika | D6: T15W081363 | E6: SPX15-X | F6: 基本プラン | G6: 1 | H6: 200 | I6: 0.4 | J6: 平準 | K6: 1 | L6: =H6*I6*K6 -> 80
A7: 2026.10 | B7: 1373 | C7: Takahashi, Kimika | D7: T15W081363 | E7: SPX15-X | F7: 基本プラン | G7: 1 | H7: 200 | I7: 0.4 | J7: 平準 | K7: 1 | L7: =H7*I7*K7 -> 80
A8: 2026.8 | B8: 1655 | C8: Yamashita, Keito | D8: T15W081742 | E8: SPX15-X | F8: 基本プラン | G8: 1 | H8: 200 | I8: 0.1 | J8: 平準 | K8: 1 | L8: =H8*I8*K8 -> 20
A9: 2026.8 | B9: 1655 | C9: Yamashita, Keito | D9: T15W081363 | E9: SPX15-X | F9: 基本プラン | G9: 1 | H9: 200 | I9: 0.15 | J9: 平準 | K9: 1 | L9: =H9*I9*K9 -> 30
A10: 2026.9 | B10: 1655 | C10: Yamashita, Keito | D10: T15W081363 | E10: SPX15-X | F10: 基本プラン | G10: 1 | H10: 200 | I10: 0.15 | J10: 平準 | K10: 1 | L10: =H10*I10*K10 -> 30
A11: 2026.9 | B11: 1655 | C11: Yamashita, Keito | D11: T15W081742 | E11: SPX15-X | F11: 基本プラン | G11: 1 | H11: 200 | I11: 0.1 | J11: 平準 | K11: 1 | L11: =H11*I11*K11 -> 20
A12: 2026.10 | B12: 1655 | C12: Yamashita, Keito | D12: T15W081363 | E12: SPX15-X | F12: 基本プラン | G12: 1 | H12: 200 | I12: 0.15 | J12: 平準 | K12: 1 | L12: =H12*I12*K12 -> 30
A13: 2026.10 | B13: 1655 | C13: Yamashita, Keito | D13: T15W081742 | E13: SPX15-X | F13: 基本プラン | G13: 1 | H13: 200 | I13: 0.1 | J13: 平準 | K13: 1 | L13: =H13*I13*K13 -> 20
